stats,azure,google,mustang,pai
mean,1472.3333333333333,1122.3333333333333,350.3333333333333,1221.0
min,778.0,560.0,177.0,605.0
max,2199.0,1664.0,520.0,1834.0
