stats,azure,google,mustang,pai
mean,261.0,550.0,345.3333333333333,471.6666666666667
min,245.0,524.0,177.0,446.0
max,277.0,573.0,508.0,497.0
