stats,azure,google,mustang,pai
mean,721.0,2314.0,1110.3333333333333,1857.6666666666667
min,0.0,1718.0,916.0,1225.0
max,1497.0,2903.0,1276.0,2403.0
