stats,azure,google,mustang,pai
mean,1464.6666666666667,1135.3333333333333,352.0,1211.0
min,722.0,554.0,173.0,591.0
max,2193.0,1720.0,532.0,1842.0
