stats,azure,google,mustang,pai
mean,728.6666666666666,2301.0,1108.6666666666667,1867.6666666666667
min,0.0,1716.0,928.0,1236.0
max,1472.0,2883.0,1288.0,2488.0
