stats,azure,google,mustang,pai
mean,1402.6666666666667,1094.0,340.3333333333333,1144.0
min,893.0,696.0,217.0,728.0
max,2040.0,1591.0,495.0,1664.0
