stats,azure,google,mustang,pai
mean,254.66666666666666,552.0,338.0,466.3333333333333
min,238.0,533.0,217.0,437.0
max,263.0,566.0,488.0,500.0
