stats,azure,google,mustang,pai
mean,790.6666666666666,2342.3333333333335,1120.3333333333333,1934.6666666666667
min,0.0,1685.0,895.0,1139.0
max,1772.0,3454.0,1461.0,3089.0
