stats,azure,google,mustang,pai
mean,1398.6666666666667,1072.3333333333333,338.0,1140.6666666666667
min,890.0,682.0,215.0,726.0
max,2034.0,1560.0,491.0,1658.0
