stats,azure,google,mustang,pai
mean,255.66666666666666,548.0,337.3333333333333,458.3333333333333
min,246.0,537.0,215.0,440.0
max,263.0,562.0,491.0,491.0
