stats,azure,google,mustang,pai
mean,794.6666666666666,2364.0,1122.6666666666667,1938.0
min,0.0,1601.0,916.0,1044.0
max,1740.0,3565.0,1526.0,3096.0
